Bank Name,Quarter End,Date Submitted,Date Approved,CET1 Capital,AT1 Capital,Tier 1 Capital,Tier 2 Capital,Total Capital,Credit RWA,Market RWA,Operational RWA,Total RWA,CET1 Ratio,Tier 1 Ratio,Total CAR,Comments
Harbourline Bank PLC,"Mar 31, 2024","Apr 27, 2024",5/5/2024,"49,701.50","6,094.46","55,795.96","12,417.90","68,213.86","335,556.56","19,370.88","42,696.30","397,623.74",12.50%,14.03%,17.16%,
CRESTMONT COMMERCIAL BANK LTD,"Mar 31, 2024","Apr 26, 2024",6/5/2024,"36,630.92","4,612.31","41,243.23","8,800.72","50,043.95","251,936.62","13,912.26","32,325.02","298,173.90",12.29%,13.83%,16.78%,
LOTUS UNION BANK,31/03/2024,"Apr 26, 2024",3/5/2024,"32,394.55","4,022.69","36,417.24","7,937.36","44,354.60","218,340.00","12,221.70","27,140.32","257,702.02",12.57%,14.13%,17.21%,
Northgate Savings Bank,31/03/2024,"Apr 27, 2024",4/5/2024,"15,514.16","1,789.38","17,303.54","3,651.99","20,955.53","106,509.51","5,702.14","13,348.10","125,559.75",12.36%,13.78%,16.69%,
Meridian Development Bank (MDB),31/03/2024,"Apr 25, 2024",6/5/2024,"10,848.60","1,235.13","12,083.73","2,606.35","14,690.08","72,552.75","4,097.64","9,167.24","85,817.63",12.64%,14.08%,17.12%,
Harbourline Bank Plc.,"Jun 30, 2024","Jul 20, 2024",31/7/2024,"51,055.08","5,782.22","56,837.30","11,895.74","68,733.04","341,645.25","18,868.59","43,821.50","404,335.34",12.63%,14.06%,17.00%,
Crestmont Commercial Bank,"Jun 30, 2024","Jul 19, 2024",1/8/2024,"37,522.51","4,365.77","41,888.28","9,282.28","51,170.56","255,741.10","13,482.41","33,075.82","302,299.33",12.41%,13.86%,16.93%,
Lotus Union Bank,30/06/2024,"Jul 19, 2024",29/7/2024,"32,264.66","3,705.54","35,970.20","7,366.42","43,336.62","214,219.27","11,940.12","27,936.47","254,095.86",12.70%,14.16%,17.06%,
Northgate Savings Bank Ltd.,30/06/2024,"Aug 3, 2024",13/8/2024,"16,066.77","1,895.14","17,961.91","3,896.69","21,858.60","109,309.84","5,587.36","13,809.05","128,706.25",12.48%,13.96%,16.98%,
MERIDIAN DEV. BANK,30/06/2024,"Jul 27, 2024",2/8/2024,"10,759.50","1,303.72","12,063.22","2,504.75","14,567.97","74,232.93","4,011.19","9,454.33","87,698.45",12.27%,13.76%,16.61%,
HARBOURLINE BANK PLC,"Sep 30, 2024","Oct 22, 2024",28/10/2024,"49,881.76","6,013.85","55,895.61","12,460.33","68,355.94","344,371.96","18,164.55","44,522.08","407,058.59",12.25%,13.73%,16.79%,
Crestmont Comm. Bank,"Sep 30, 2024","Oct 21, 2024",29/10/2024,"39,230.54","4,666.26","43,896.80","9,027.60","52,924.40","263,766.49","14,702.58","34,382.79","312,851.86",12.54%,14.03%,16.92%,
Lotus Union Bank Ltd,30/09/2024,"Oct 21, 2024",3/11/2024,"31,941.27","3,902.00","35,843.27","7,821.57","43,664.84","218,759.43","11,644.66","28,751.92","259,156.01",12.33%,13.83%,16.85%,
NORTHGATE SAVINGS,30/09/2024,"Oct 22, 2024",4/11/2024,"16,118.13","1,942.51","18,060.64","4,021.82","22,082.46","107,989.05","6,075.01","13,750.39","127,814.45",12.61%,14.13%,17.28%,
Meridian Development Bank,30/09/2024,"Oct 20, 2024",29/10/2024,"10,908.86","1,349.90","12,258.76","2,618.19","14,876.95","74,898.57","3,865.43","9,238.87","88,002.87",12.40%,13.93%,16.91%,
Harbourline Bank PLC,"Dec 31, 2024","Jan 24, 2025",2/2/2025,"51,262.88","6,312.81","57,575.69","11,924.38","69,500.07","350,591.59","19,543.35","43,893.72","414,028.66",12.38%,13.91%,16.79%,
CRESTMONT COMMERCIAL BANK LTD,"Dec 31, 2024","Jan 23, 2025",3/2/2025,"39,607.15","4,811.73","44,418.88","9,407.32","53,826.20","265,096.86","14,117.51","33,466.92","312,681.29",12.67%,14.21%,17.21%,
LOTUS UNION BANK,31/12/2024,"Jan 23, 2025",31/1/2025,"32,594.44","4,065.00","36,659.44","8,211.46","44,870.90","221,157.95","12,441.14","28,153.24","261,752.33",12.45%,14.01%,17.14%,
Northgate Savings Bank,31/12/2024,"Jan 24, 2025",1/2/2025,"16,457.45","2,024.75","18,482.20","3,831.62","22,313.82","109,297.29","5,873.99","14,029.89","129,201.17",12.74%,14.30%,(17.27),
Meridian Development Bank (MDB),31/12/2024,"Jan 22, 2025",3/2/2025,"11,156.82","1,275.09","12,431.91","2,756.52","15,188.43","75,568.42","4,122.11","9,397.89","89,088.42",12.52%,13.95%,17.05%,
Harbourline Bank Plc.,"Mar 31, 2025","Apr 26, 2025",8/5/2025,"53,254.82","6,379.98","59,634.80","12,971.49","72,606.29","358,190.27","20,619.29","46,309.57","425,119.13",12.53%,14.03%,17.08%,
Crestmont Commercial Bank,"Mar 31, 2025","Apr 25, 2025",1/5/2025,"38,783.88","4,771.83","43,555.71","9,071.17","52,626.88","265,724.67","14,631.17","34,640.39","314,996.23",12.31%,13.83%,16.71%,
Lotus Union Bank,31/03/2025,"Apr 25, 2025",6/5/2025,"33,958.77","4,121.59","38,080.36","8,109.07","46,189.43","226,605.96","13,165.38","29,786.61","269,557.95",12.60%,14.13%,17.14%,
Northgate Savings Bank Ltd.,31/03/2025,"Apr 26, 2025",7/5/2025,"16,459.21","2,051.06","18,510.27","4,169.23","22,679.50","112,571.29","6,009.45","14,332.69","132,913.43",12.38%,13.93%,17.06%,
MERIDIAN DEV. BANK,31/03/2025,"Apr 24, 2025",1/5/2025,"11,371.55","1,397.82","12,769.37","2,661.66","15,431.03","75,767.17","4,267.26","9,725.38","89,759.81",12.67%,14.23%,17.19%,
HARBOURLINE BANK PLC,"Jun 30, 2025","Jul 19, 2025",26/7/2025,"54,702.12","6,692.07","61,394.19","12,407.65","73,801.84","364,678.09","20,082.83","47,519.39","432,280.31",12.65%,14.20%,17.07%,
Crestmont Comm. Bank,"Jun 30, 2025","Jul 27, 2025",5/8/2025,"39,552.79","4,967.14","44,519.93","9,534.78","54,054.71","269,728.67","14,177.74","34,047.78","317,954.19",12.44%,14.00%,17.00%,
Lotus Union Bank Ltd,30/06/2025,"Jul 27, 2025",2/8/2025,"34,831.98","3,904.27","38,736.25","8,560.18","47,296.43","231,406.88","12,860.91","29,455.96","273,723.75",12.73%,14.15%,17.28%,
NORTHGATE SAVINGS,30/06/2025,"Jul 19, 2025",25/7/2025,"16,735.41","1,926.92","18,662.33","3,953.96","22,616.29","113,914.86","5,805.74","14,048.30","133,768.90",12.51%,13.95%,16.91%,
Meridian Development Bank,30/06/2025,"Jul 26, 2025",5/8/2025,"11,075.15","1,310.18","12,385.33","2,778.06","15,163.39","76,445.94","4,119.02","9,505.16","90,070.12",12.30%,13.75%,16.84%,
Harbourline Bank PLC,"Sep 30, 2025","Oct 21, 2025",31/10/2025,"53,967.23","6,351.41","60,318.64","13,135.43","73,454.07","372,765.20","19,604.51","47,045.55","439,415.26",12.28%,13.73%,16.72%,
CRESTMONT COMMERCIAL BANK LTD,"Sep 30, 2025","Oct 20, 2025",1/11/2025,"40,944.96","4,755.41","45,700.37","10,158.20","55,858.57","275,448.63","15,309.83","35,053.34","325,811.80",12.57%,14.03%,17.14%,
LOTUS UNION BANK,30/09/2025,"Oct 20, 2025",29/10/2025,"34,484.28","4,114.07","38,598.35","8,225.20","46,823.55","236,303.75","12,541.48","30,322.82","279,168.05",12.35%,13.83%,16.77%,
Northgate Savings Bank,30/09/2025,"Oct 21, 2025",30/10/2025,"16,863.16","1,985.24","18,848.40","4,102.83","22,951.23","112,554.91","6,313.66","14,563.92","133,432.49",12.64%,14.13%,17.20%,
Meridian Development Bank (MDB),30/09/2025,"Oct 19, 2025",1/11/2025,"11,276.24","1,363.26","12,639.50","2,635.25","15,274.75","77,129.00","3,968.97","9,667.96","90,765.93",12.42%,13.93%,16.83%,
Crestmont Comm. Bank,"Sep 30, 2024","Oct 21, 2024",29/10/2024,"39,230.54","4,666.26","43,896.80","9,040.10","52,936.90","263,766.49","14,702.58","34,382.79","312,851.86",12.54%,14.03%,16.92%,Restated: subordinated debt reclassified to Tier 2
