BANK,PERIOD_END,SUBMITTED,APPROVED,DEP_DD,DEP_SAV,DEP_TIME,DEP_TOT,ADV_AGRI,ADV_MFG,ADV_TRADE,ADV_PERS,ADV_OTH,ADV_TOT,NPL_AMT,NPL_PCT,OPERATOR
HARBOURLINE BANK PLC,45322,20240219,23-FEB-2024,150211.13,"243,607.92",208671.79,"602,490.84",45996.46,"108,547.40",121647.84,"135,587.27",73243.51,"485,022.48",17249.53,3.56,RDS
Harbourline Bank PLC,45351,20240316,20-MAR-2024,"151,634.71","241,010.99","212,352.93","604,998.63","46,681.45","99,266.41","120,117.93","134,526.97","67,555.31","468,148.07","16,812.19",3.59,T.N.
Harbourline Bank Plc.,45382,20240420,24-APR-2024,153069.96,"248,142.67",216070.74,"617,283.37",46212.79,"104,021.08",115925.71,"130,478.83",71424.09,"468,062.50",16971.88,3.63,RDS
HARBOURLINE BANK PLC,45412,20240517,21-MAY-2024,"154,516.97","245,524.10","211,226.77","611,267.84","48,114.22","105,736.22","117,594.14","132,986.64","73,216.38","477,647.60","17,485.53",3.66,T.N.
Harbourline Bank PLC,45443,20240614,18-JUN-2024,155975.84,"242,865.17",214967.23,"613,808.24",46896.75,"100,584.93",120909.40,"137,357.68",70343.55,"476,092.31",17594.14,3.70,RDS
Harbourline Bank Plc.,45473,20240718,22-JUL-2024,"157,446.66","250,110.93","218,744.98","626,302.57","50,278.85","105,432.59","116,559.25","133,195.48","74,336.80","479,802.97","16,861.74",3.51,T.N.
HARBOURLINE BANK PLC,45504,20240815,19-AUG-2024,158929.51,"247,429.79",222560.32,"628,919.62",49027.54,"108,702.06",119943.05,"137,674.33",71363.45,"486,710.43",17273.74,3.55,RDS
Harbourline Bank PLC,45535,20240919,23-SEP-2024,"154,133.77","254,772.60","217,606.58","626,512.95","47,372.88","111,121.11","122,386.87","141,078.55","73,664.45","495,623.86","17,762.43",3.58,T.N.
Harbourline Bank Plc.,45565,20241016,20-OCT-2024,155603.22,"252,069.10",221445.22,"629,117.54",50028.39,"105,772.24",125827.73,"134,595.89",76571.57,"492,795.82",17832.44,3.62,RDS
HARBOURLINE BANK PLC,45596,20241120,24-NOV-2024,"157,084.76","259,510.26","225,322.08","641,917.10","49,533.84","110,833.29","121,304.44","141,372.11","74,744.10","497,787.78","18,186.18",3.65,T.N.
Harbourline Bank PLC,45626,20241217,21-DEC-2024,158578.47,"256,784.24",220271.03,"635,633.74",51551.14,"112,646.18",123080.12,"144,010.74",76652.31,"507,940.49",18733.72,3.69,RDS
Harbourline Bank Plc.,45657,20250114,18-JAN-2025,"160,084.45","254,016.18","224,171.52","638,272.15","50,252.11","107,149.46","126,583.82","137,355.61","73,575.30","494,916.30","17,356.45",3.51,T.N.
HARBOURLINE BANK PLC,20250131,20250218,22-FEB-2025,161602.79,"261,576.38",228110.89,"651,290.06",49721.46,"112,308.40",132237.22,"144,288.84",77793.09,"516,349.01",18287.64,3.54,RDS
Harbourline Bank PLC,20250228,20250315,19-MAR-2025,"163,133.59","258,785.20","232,089.45","654,008.24","50,467.93","111,247.58","120,555.82","143,228.52","77,696.94","503,196.79","17,996.80",3.58,T.N.
Harbourline Bank Plc.,20250331,20250419,23-APR-2025,164676.94,"266,446.67",226923.94,"658,047.55",49267.08,"114,871.35",124300.05,"136,866.90",74790.73,"500,096.11",18059.80,3.61,RDS
HARBOURLINE BANK PLC,20250430,20250516,20-MAY-2025,"166,232.94","263,632.23","230,926.80","660,791.97","52,017.79","109,350.09","127,848.67","141,519.56","77,790.71","508,526.82","18,541.09",3.65,T.N.
Harbourline Bank PLC,20250531,20250620,24-JUN-2025,167801.68,"260,774.43",234969.53,"663,545.64",50699.79,"112,771.50"
Harbourline Bank Plc.,20250630,20250717,21-JUL-2025,"169,383.26","268,558.45","229,702.54","667,644.25","53,603.63","116,470.15","124,985.20","139,700.11","77,860.07","512,619.16","17,939.55",3.50,T.N.
HARBOURLINE BANK PLC,20250731,20250814,18-AUG-2025,170977.78,"265,676.76",233769.91,"670,424.45",52266.49,"110,794.97",128599.05,"144,459.23",80941.36,"517,061.10",18274.80,3.53,RDS
Harbourline Bank PLC,20250831,20250918,22-SEP-2025,"165,826.45","273,565.05","237,877.80","677,269.30","51,211.67","114,976.11","133,055.49","150,179.85","78,216.58","527,639.70","18,832.17",3.57,T.N.
Harbourline Bank Plc.,20250930,20251015,19-OCT-2025,167406.59,"270,659.33",242026.58,"680,092.50",54085.93,"118,536.44",136785.32,"155,095.13",81352.30,"545,855.12",19672.11,3.60,RDS
Crestmont Comm. Bank,45322,20240218,25-FEB-2024,113908.37,"181,923.69",159559.99,"455,392.05",36036.13,"82,216.16",88433.41,"102,764.42",52636.81,"362,086.93",14344.51,3.96,T.N.
CRESTMONT COMMERCIAL BANK LTD,45351,20240315,22-MAR-2024,"114,875.49","187,135.33","162,206.81","464,217.63","35,629.87","79,472.89","92,326.11","99,474.61","55,590.09","362,493.57","14,500.68",4.00,RDS
Crestmont Commercial Bank,45382,20240419,26-APR-2024,115849.44,"184,966.21",164876.12,"465,691.77",37587.68,"81,858.00",94817.80,"102,745.27",57717.84,"374,726.59",15134.81,4.04,T.N.
Crestmont Comm. Bank,45412,20240516,23-MAY-2024,"116,830.25","190,236.19","161,035.76","468,102.20","35,227.33","81,134.80","86,541.40","102,107.68","53,338.41","358,349.62","14,611.82",4.08,RDS
CRESTMONT COMMERCIAL BANK LTD,45443,20240620,27-JUN-2024,117817.97,"188,051.45",163717.84,"469,587.26",37144.36,"77,138.83",88958.71,"97,254.25",55414.30,"355,910.45",14649.88,4.12,T.N.
Crestmont Commercial Bank,45473,20240717,24-JUL-2024,"118,812.65","185,840.10","166,422.71","471,075.46","36,176.66","79,482.67","91,403.06","100,472.81","53,152.39","360,687.59","14,120.22",3.91,RDS
Crestmont Comm. Bank,45504,20240814,21-AUG-2024,119814.33,"191,179.95",162519.77,"473,514.05",35264.40,"82,017.16",94062.80,"103,936.32",55359.11,"370,639.79",14653.03,3.95,T.N.
CRESTMONT COMMERCIAL BANK LTD,45535,20240918,25-SEP-2024,"120,823.06","188,952.65","165,237.56","475,013.27","37,217.40","84,419.43","89,184.83","107,236.14","57,484.22","375,542.02","14,991.94",3.99,RDS
Crestmont Commercial Bank,45565,20241015,22-OCT-2024,121838.88,"194,352.29",167978.47,"484,169.64",36803.54,"81,599.19",93140.21,"103,892.99",56061.75,"371,497.68",14974.02,4.03,T.N.
Crestmont Comm. Bank,45596,20241119,26-NOV-2024,"118,054.17","192,108.93","170,742.66","480,905.76","38,433.36","83,221.55","94,746.66","106,207.81","57,666.94","380,276.32","15,474.79",4.07,RDS
CRESTMONT COMMERCIAL BANK LTD,45626,20241216,23-DEC-2024,119060.27,"189,838.29",166765.90,"475,664.46",36896.22,"84,476.14",95937.01,"108,050.65",54530.69,"379,890.71",15605.88,4.11,T.N.
Crestmont Commercial Bank,45657,20250120,27-JAN-2025,"120,073.48","195,309.51","169,543.31","484,926.30","39,522.09","81,614.19","92,444.07","104,674.41","57,601.34","375,856.10","14,683.30",3.91,RDS
Crestmont Comm. Bank,20250131,20250217,24-FEB-2025,121093.85,"193,022.48",172344.33,"486,460.66",38496.48,"84,086.40",95010.49,"108,081.76",59811.25,"385,486.38",15208.46,3.95,T.N.
CRESTMONT COMMERCIAL BANK LTD,20250228,20250314,21-MAR-2025,"122,121.42","198,554.95","168,302.76","488,979.13","37,530.37","86,760.38","97,801.42","111,751.95","57,517.44","391,361.56","15,591.47",3.98,RDS
Crestmont Commercial Bank,20250331,20250418,25-APR-2025,123156.24,"196,251.43",171117.16,"490,524.83",38041.99,"85,793.02",96493.13,"102,324.53",57410.62,"380,063.29",15288.20,4.02,T.N.
Crestmont Comm. Bank,20250430,20250515,22-MAY-2025,"124,198.35","201,845.84","173,955.49","499,999.68","37,630.08","82,935.23","92,982.36","107,379.37","55,947.58","376,874.62","15,305.55",4.06,RDS
CRESTMONT COMMERCIAL BANK LTD,20250531,20250619,26-JUN-2025,125247.80,"199,525.72",176817.93,"501,591.45",39680.40,"85,433.86",95571.25,"110,828.42",58160.88,"389,674.81",15975.95,4.10,T.N.
Crestmont Commercial Bank,20250630,20250716,23-JUL-2025,"126,304.65","197,177.36","172,699.93","496,181.94","38,107.33","86,736.39","96,822.26","104,137.43","59,559.56","385,362.97","15,023.19",3.90,RDS
Crestmont Comm. Bank,20250731,20250820,27-AUG-2025,127368.93,"202,845.94",175576.07,"505,790.94",37668.93,"83,794.26",101037.05,"109,295.34",58084.83,"389,880.41",15349.94,3.94,T.N.
CRESTMONT COMMERCIAL BANK LTD,20250831,20250917,24-SEP-2025,"128,440.70","200,480.64","178,476.65","507,397.99","39,757.75","86,338.13","95,823.19","112,813.05","60,350.70","395,082.82","15,707.41",3.98,RDS
Crestmont Commercial Bank,20250930,20251014,21-OCT-2025,124441.20,"206,212.68",174291.53,"504,945.41",38383.87,"88,201.07",97696.34,"106,610.97",57412.23,"388,304.48",15587.95,4.01,T.N.
Lotus Union Bank Ltd,45322,20240220,24-FEB-2024,"93,722.01",153430.44,"132,379.64",379532.09,"28,694.45",63409.71,"76,761.95",85873.97,"45,195.99",299936.07,"13,103.63",4.37,JMK
LOTUS UNION BANK,45351,20240317,21-MAR-2024,94707.41,151945.28,134838.00,381490.69,30341.63,65468.23,72937.45,82000.70,43407.02,294155.03,12976.08,4.41,akp
Lotus Union Bank,45382,20240414,18-APR-2024,"95,702.01",156597.57,"137,324.29",389623.87,"30,063.34",68642.71,"76,315.51",86213.06,"45,950.89",307185.51,"13,681.45",4.45,JMK
Lotus Unoin Bank,45412,20240518,22-MAY-2024,96705.90,155098.63,134405.98,386210.51,31328.64,69814.94,77464.60,87915.00,47162.49,313685.67,14104.28,4.50,akp
Lotus Union Bank Ltd,45412,20240518,22-MAY-2024,96705.90,155098.63,134405.98,386210.51,31328.64,69814.94,77464.60,87915.00,47162.49,313685.67,14104.28,4.50,akp
LOTUS UNION BANK,45443,20240615,19-JUN-2024,"97,719.16",153571.02,"136,910.91",388201.09,"29,365.55",63920.11,"76,579.51",80639.08,"43,552.00",294056.25,"12,570.35",4.27,JMK
Lotus Union Bank,45473,20240719,23-JUL-2024,98741.86,158310.59,139444.33,396496.78,31516.17,67047.32,73950.64,84803.79,46088.44,303406.36,13099.00,4.32,akp
Lotus Union Bank Ltd,45504,20240816,20-AUG-2024,"99,774.09",156768.75,"136,458.81",393001.65,"30,334.84",68212.66,"75,097.09",86491.11,"43,649.30",303785.00,"13,244.45",4.36,JMK
LOTUS UNION BANK,45535,20240920,24-SEP-2024,100815.93,161582.19,139011.19,401409.31,30053.75,66013.11,78551.45,83889.94,46216.35,304724.60,13414.93,4.40,akp
Lotus Union Bank,45565,20241017,21-OCT-2024,"101,867.47",160026.02,"141,592.62",403486.11,"31,772.11",68160.61,"80,826.23",86830.17,"48,107.47",315696.59,"14,032.13",4.44,JMK
Lotus Union Bank Ltd,45596,20241114,18-NOV-2024,102928.79,164914.46,144203.38,412046.63,31485.55,71462.14,78042.88,91247.40,46975.25,319213.22,14324.10,4.49,akp
LOTUS UNION BANK,45626,20241218,22-DEC-2024,"99,925.21",163343.87,"141,139.08",404408.16,"32,479.86",71969.32,"78,469.16",85019.86,"47,767.86",315706.06,"14,300.90",4.53,JMK
Lotus Union Bank,45657,20250115,19-JAN-2025,100977.83,161743.22,143769.41,406490.46,31693.54,68582.61,80767.00,88004.33,49696.20,318743.68,13732.49,4.31,akp
Lotus Union Bank Ltd,20250131,20250219,23-FEB-2025,"102,040.29",166723.36,"146,429.66",415193.31,"31,390.65",71934.56,"84,441.89",92505.47,"48,569.19",328841.76,"14,307.30",4.35,JMK
LOTUS UNION BANK,20250228,20250316,20-MAR-2025,103112.68,165107.81,143294.79,411515.28,32731.48,73175.37,79135.97,94295.43,49849.90,329188.15,14462.28,4.39,akp
LOTUS UNION BANK,20250228,20250316,20-MAR-2025,103112.68,165107.81,143294.79,411515.28,32731.48,73175.37,79135.97,94295.43,49849.90,329188.15,14462.28,4.39,akp
Lotus Union Bank,20250331,20250420,24-APR-2025,"104,195.07",170165.57,"145,974.95",420335.59,"32,433.38",70813.15,"82,802.35",91539.29,"48,681.10",326269.27,"14,472.71",4.44,JMK
Lotus Union Bank Ltd,20250430,20250517,21-MAY-2025,105287.57,168535.02,148685.61,422508.20,34275.23,73110.25,85222.27,94698.24,50697.38,338003.37,15136.87,4.48,akp
LOTUS UNION BANK,20250531,20250614,18-JUN-2025,"106,390.26",166873.31,"151,427.06",424690.63,"32,128.08",72489.13,"84,246.33",94073.12,"50,680.50",333617.16,"15,082.23",4.52,JMK
Lotus Union Bank,20250630,20250718,22-JUL-2025,107503.23,172025.94,148209.47,427738.64,34003.65,74920.34,80244.29,90037.31,48841.85,328047.44,14103.81,4.30,akp
Lotus Union Bank Ltd,20250731,20250815,19-AUG-2025,"108,626.56",170348.74,"150,971.49",429946.79,"33,189.12",71400.06,"82,629.43",93163.48,"50,844.98",331227.07,"14,381.29",4.34,JMK
LOTUS UNION BANK,20250831,20250919,23-SEP-2025,109760.36,175581.68,153764.91,439106.95,32877.18,74885.99,86414.76,97883.10,49647.34,341708.37,14981.60,4.38,akp
Lotus Union Bank,20250930,20251016,20-OCT-2025,"110,904.70",173888.89,"150,473.23",435266.82,"34,277.56",76190.39,"87,678.11",92178.04,"50,994.05",341318.15,"15,109.55",4.43,JMK
NORTHGATE SAVINGS,45322,20240219,26-FEB-2024,"47,008.23",75789.07,"66,952.90",189750.20,"14,869.54",31781.37,"36,923.64",43044.53,"21,471.83",148090.91,"7,075.78",4.78,JMK
Northgate Savings Bank,45351,20240316,23-MAR-2024,47361.75,77882.97,67990.38,193235.10,14687.57,33239.21,38502.93,41660.74,22663.18,150753.63,7272.90,4.82,akp
Northgate Savings Bank Ltd.,45382,20240420,27-APR-2024,"47,717.36",76903.39,"66,332.20",190952.95,"15,263.90",33715.63,"38,943.94",42372.48,"23,188.00",153483.95,"7,475.78",4.87,JMK
NORTHGATE SAVINGS,45412,20240517,24-MAY-2024,48075.05,79016.11,67373.37,194464.53,15083.84,32521.63,37504.63,44384.98,22582.64,152077.72,7477.80,4.92,akp
Northgate Savings Bank,45443,20240614,21-JUN-2024,"48,434.84",78030.71,"68,421.80",194887.35,"15,887.44",33480.55,"38,500.57",42263.87,"23,444.23",153576.66,"7,180.41",4.68,JMK
Northgate Savings Bank Ltd.,45473,20240718,25-JUL-2024,48796.73,77036.18,69477.55,195310.46,15456.35,34448.66,39505.86,43597.35,22449.96,155458.18,7340.46,4.72,akp
NORTHGATE SAVINGS,45504,20240815,22-AUG-2024,"49,160.75",79171.17,"67,794.25",196126.17,"14,461.56",34109.45,"39,014.70",43273.46,"22,451.76",153310.93,"7,310.15",4.77,JMK
Northgate Savings Bank,45535,20240919,26-SEP-2024,49526.90,78170.72,68853.75,196551.37,15248.05,32401.77,36980.81,41199.83,23299.41,149129.87,7179.93,4.81,akp
Northgate Savings Bank Ltd.,45565,20241016,23-OCT-2024,"49,895.19",80324.89,"69,920.64",200140.72,"15,063.80",33886.39,"38,574.53",43191.26,"22,688.64",153404.62,"7,456.87",4.86,JMK
NORTHGATE SAVINGS,45596,20241120,27-NOV-2024,50265.64,79318.49,68215.49,197799.62,15653.16,34377.82,39036.36,43918.10,23231.04,156216.48,7665.98,4.91,akp
Northgate Savings Bank,45626,20241217,24-DEC-2024,"50,638.25",78302.76,"69,286.17",198227.18,"15,225.86",32633.92,"40,041.18",41802.00,"22,245.88",151948.84,N/A,N/A,JMK
Northgate Savings Bank Ltd.,45657,20250114,21-JAN-2025,51013.03,80479.65,70364.33,201857.01,16291.70,34138.89,38566.62,43827.98,23481.41,156306.60,7365.18,4.71,akp
NORTHGATE SAVINGS,20250131,20250218,25-FEB-2025,"49,380.75",79457.88,"71,450.01",200288.64,"15,696.30",34779.39,"39,197.18",44745.78,"24,125.83",158544.48,"7,544.14",4.76,JMK
Northgate Savings Bank,20250228,20250315,22-MAR-2025,49751.88,81654.33,69719.02,201125.23,15287.46,35839.63,40300.50,42663.83,23165.60,157257.02,7555.79,4.80,akp
Northgate Savings Bank Ltd.,20250331,20250419,26-APR-2025,"50,125.20",80626.48,"70,808.56",201560.24,"16,112.86",34042.52,"38,156.37",44025.61,"24,051.62",156388.98,"7,586.59",4.85,JMK
NORTHGATE SAVINGS,20250430,20250516,23-MAY-2025,50500.71,82842.66,71905.70,205249.07,15920.67,35600.67,39813.75,46131.86,23399.70,160866.65,7878.39,4.90,akp
Northgate Savings Bank,20250531,20250620,27-JUN-2025,"50,878.42",81808.71,"70,152.24",202839.37,"16,536.91",36112.33,"40,299.67",46883.21,"23,970.04",163802.16,"8,098.10",4.94,JMK
Northgate Savings Bank Ltd.,20250630,20250717,24-JUL-2025,51258.34,80765.17,71253.28,203276.79,15457.08,32934.99,39727.93,42911.53,23899.49,154931.02,7285.16,4.70,akp
NORTHGATE SAVINGS,20250731,20250814,21-AUG-2025,"51,640.49",83004.72,"72,362.01",207007.22,"15,264.38",34457.03,"38,228.74",44976.16,"23,272.57",156198.88,"7,417.20",4.75,JMK
Northgate Savings Bank,20250831,20250918,25-SEP-2025,52024.88,81954.97,73478.47,207458.32,16095.59,35457.36,39260.03,46361.96,24166.01,161340.95,7736.18,4.79,akp
Northgate Savings Bank Ltd.,20250930,20251015,22-OCT-2025,"52,411.51",84214.64,"71,698.44",208324.59,"15,680.40",36540.15,"40,381.60",44247.73,"25,118.48",161968.36,"7,841.36",4.84,JMK
Meridian Development Bank,45322,20240215,20-FEB-2024,"33,125.57",52592.98,"45,703.91",131422.46,"9,839.11",22065.36,"24,574.80",27596.49,"15,327.08",99402.84,"5,158.20",5.19,JMK
Meridian Development Bank (MDB),31/02/2024,20240319,24-MAR-2024,32030.64,51876.86,46364.07,130271.57,10260.36,22459.56,24961.67,28168.44,15729.67,101579.70,5322.19,5.24,akp
MERIDIAN DEV. BANK,45382,20240416,21-APR-2024,"32,239.53",53253.07,"45,192.80",130685.40,"9,985.87",23123.74,"25,648.52",29079.08,"15,092.42",102929.63,"5,444.62",5.29,JMK
Meridian Development Bank,45412,20240520,25-MAY-2024,32449.39,52533.68,45854.57,130837.64,10510.85,21936.80,26290.24,29940.04,15651.63,104329.56,5571.07,5.34,akp
Meridian Development Bank (MDB),45443,20240617,22-JUN-2024,"32,660.22",51809.50,"46,519.89",130989.61,"10,213.37",22557.38,"24,869.62",28492.46,"14,975.03",101107.86,"5,134.36",5.08,JMK
MERIDIAN DEV. BANK,45473,20240714,19-JUL-2024,32872.02,53196.53,47188.80,133257.35,10916.83,23556.90,25923.46,29830.21,15788.44,106015.84,5436.85,5.13,akp
Meridian Development Bank,45504,20240823,28-AUG-2024,"33,084.80",52469.03,"46,004.21",131558.04,"10,464.68",23861.29,"26,211.82",30288.52,"16,137.56",106963.87,"5,539.19",5.18,JMK
Meridian Development Bank (MDB),45535,20240915,20-SEP-2024,33298.56,53865.44,46674.75,133838.75,9921.21,22115.26,26231.09,28135.98,15085.95,101489.49,5306.67,5.23,akp
MERIDIAN DEV. BANK,45565,20241019,24-OCT-2024,"33,513.30",53134.62,"47,348.90",133996.82,"10,447.33",22737.25,"24,818.60",28996.03,"15,647.06",102646.27,"5,418.72",5.28,JMK
Meridian Development Bank,45596,20241116,21-NOV-2024,33729.03,54540.47,46152.83,134422.33,10170.42,23410.86,25512.28,29922.65,15000.99,104017.20,5543.33,5.33,akp
Meridian Development Bank (MDB),45626,20241220,25-DEC-2024,"33,945.76",53806.31,"46,828.62",134580.69,"10,702.89",22210.82,"26,161.61",28465.17,"15,566.86",103107.35,"5,224.94",5.07,JMK
MERIDIAN DEV. BANK,45657,20250117,22-JAN-2025,34163.48,53067.26,47508.05,134738.79,10402.70,22840.64,26816.03,29337.25,16137.44,105534.06,5400.92,5.12,akp
Meridian Development Bank,20250131,20250214,19-FEB-2025,"34,382.20",54484.16,"48,191.14",137057.50,"10,261.12",23851.53,"25,779.24",30700.38,"15,698.60",106290.87,"5,493.04",5.17,JMK
Meridian Development Bank (MDB),20250228,20250318,23-MAR-2025,33247.33,53741.73,46981.46,133970.52,10552.42,23921.84,25818.87,28505.97,15896.69,104695.79,5463.19,5.22,akp
MERIDIAN DEV. BANK,20250331,20250415,20-APR-2025,"33,464.00",55168.21,"47,666.22",136298.43,"10,414.99",23076.76,"26,902.27",29856.97,"15,454.12",105705.11,"5,568.96",5.27,JMK
Meridian Development Bank,20250430,20250519,24-MAY-2025,33681.68,54422.38,48354.66,136458.72,10963.25,23723.64,27573.15,30753.93,16036.80,109050.77,5799.99,5.32,akp
Meridian Development Bank (MDB),20250531,20250616,21-JUN-2025,"33,900.36",53671.59,"47,133.24",134705.19,"10,503.39",24034.19,"25,724.85",28830.49,"16,391.42",105484.34,"5,334.18",5.06,JMK
MERIDIAN DEV. BANK,20250630,20250720,25-JUL-2025,34120.04,55109.28,47823.36,137052.68,11228.68,23170.51,26815.31,30200.69,15947.15,107362.34,5483.07,5.11,akp
Meridian Development Bank,20250731,20250817,22-AUG-2025,"34,340.74",54355.06,"48,517.20",137213.00,"10,914.91",23825.41,"27,493.34",31110.00,"16,539.53",109883.19,"5,667.01",5.16,JMK
Meridian Development Bank (MDB),20250831,20250914,19-SEP-2025,34562.46,55802.47,49214.77,139579.70,10347.22,23906.28,27510.11,28870.94,15446.72,106081.27,5524.21,5.21,akp
MERIDIAN DEV. BANK,20250930,20251018,23-OCT-2025,"34,785.20",55044.80,"47,979.47",137809.47,"10,745.63",24219.43,"25,674.97",29354.35,"15,809.18",105803.56,"5,562.90",5.26,JMK

