Institution,Return Period,Received On,Approved On,Lvl 1 Assets,Lvl 2A Assets,Lvl 2B Assets,Total HQLA,Cash Outflows 30d,Cash Inflows 30d,Net Cash Outflows,LCR %,Total Deposits,Liquid Assets,Liquid Assets Ratio %,Remarks
Harbourline Bank Plc.,2023-12-31,08/01/2024 15:15,13/01/2024,"VLD 134,033.49","31,025.57",6403.76,"171,462.82 VLD", 104850.64 ,"VLD 29,784.03","75,066.61",228.41,"598,792.09 VLD", 181017.13 ,30.23%,Late entry from the old forms
Harbourline Bank Plc.,2024-01-31,08/02/2024 15:15,13/02/2024,"VLD 135,545.86","29,958.11",6632.79,"172,136.76 VLD", 107154.75 ,"VLD 30,918.66","76,236.09",225.79,"602,490.84 VLD", 175592.92 ,29.14%,
Crestmont Commercial Bank,31.01.2024,10/02/2024 09:05,13/02/2024,101739.66,"23,777.38 VLD", 5057.19 ,"VLD 130,574.23","83,800.69",23584.37,"60,216.32 VLD",216.84,"VLD 455,392.05","136,233.14",29.92%,=see covering letter
Lotus Union Bank,31/01/2024,13/02/2024 14:50,19/02/2024,"VLD 84,197.86","18,863.59",4251.26,"107,312.71 VLD", 68082.24 ,"VLD 19,834.45","48,247.79",222.42%,"379,532.09 VLD", 116465.69 ,30.69,=see covering letter
Northgate Savings Bank Ltd.,31/01/2024,11/02/2024 14:30,19/02/2024,41798.52,"9,903.34 VLD", 2143.70 ,"VLD 53,845.56","33,158.95",9057.04,"24,101.91 VLD",223.41%,"VLD 189,750.20","56,275.60",29.66,
MERIDIAN DEV. BANK,31/01/2024,09/02/2024 10:10,13/02/2024, 28744.35 ,"VLD 6,529.16","1,497.39",36770.90,"23,776.48 VLD", 6334.89 ,"VLD 17,441.59",210.82%,131422.46,"39,990.28 VLD",30.43,
Valoria Agricultural Bank,31-Jan-2024,09/02/2024 16:40,13/02/2024,"VLD 16,707.44","3,852.32",804.82,"21,364.58 VLD", 13458.49 ,"VLD 3,749.98","9,708.51",220.06%,"73,750.37 VLD", 22253.01 ,30.17,Bank closed 30/06/2024
HARBOURLINE BANK PLC,29.02.2024,2024-03-12 14:35:00,16/03/2024,136797.35,28818.46,6850.66,172466.47,109264.11,28976.97,80287.14,214.81,604998.63,180644.20,29.86,
Crestmont Comm. Bank,2024-02-29,2024-03-08 16:25:00,16/03/2024, 104238.76 , 23268.05 , 5301.19 , 132808.00 , 81687.50 , 22452.83 , 59234.67 ,224.21, 464217.63 , 142188.42 ,30.63,
Lotus Union Bank Ltd,29-Feb-2024,2024-03-11 13:10:00,16/03/2024,85065.76,18163.68,4393.17,107622.61,69482.42,18631.30,50851.12,211.64%,381490.69,112924.17,29.60%,
NORTHGATE SAVINGS,29-Feb-2024,2024-03-09 13:50:00,16/03/2024, 42785.70 , 9681.39 , 2031.29 , 54498.38 , 34299.20 , 9528.28 , 24770.92 ,220.01%, 193235.10 , 58689.06 ,30.37%,
Meridian Development Bank,29-Feb-2024,2024-03-13 09:30:00,16/03/2024,"28,640.62","6,199.73","1,381.94","36,222.29","23,926.42","6,484.97","17,441.45",207.68%,"130,271.57","38,225.48",29.34%,
Valoria Agricultural Bank,29/02/2024,2024-03-13 15:00:00,16/03/2024,16076.14,3758.61,841.54,20676.29,13884.44,3929.52,9954.92,207.70%,74955.27,23151.84,30.89%,Bank closed 30/06/2024
Harbourline Bank PLC,2024-03-31,10/04/2024 13:55,13/04/2024, 132128.19 ,"31,200.02 VLD",6504.88,"169,833.09","VLD 113,179.88", 30539.34 ,"82,640.54 VLD",205.51,"617,283.37","VLD 188,720.37",30.57%,
CRESTMONT COMMERCIAL BANK LTD,31.03.2024,12/04/2024 15:45,19/04/2024,"105,098.82","VLD 22,368.72", 4952.21 ,"132,419.75 VLD",83227.24,"23,258.93","VLD 59,968.31",220.82,"465,691.77 VLD",137583.07,29.54%,
LOTUS UNION BANK,31/03/2024,09/04/2024 12:30,13/04/2024, 87321.94 ,"19,684.79 VLD",4180.78,"111,187.51","VLD 72,034.95", 19643.28 ,"52,391.67 VLD",212.22%,"389,623.87","VLD 118,114.02",30.31,
Northgate Savings Bank,31/03/2024,13/04/2024 12:10,19/04/2024,"42,497.32","VLD 9,167.99", 2067.35 ,"53,732.66 VLD",34419.12,"9,717.05","VLD 24,702.07",217.52%,"190,952.95 VLD",55922.40,29.29,
Meridian Development Bank (MDB),31/03/2024,11/04/2024 16:50,19/04/2024,"28,880.07 VLD",6599.74,"1,427.43","VLD 36,907.24", 22950.33 ,"6,711.77 VLD",16238.56,227.28%,"VLD 130,685.40", 39280.16 ,30.06,
Valoria Agricultural Bank,31-Mar-2024,11/04/2024 14:20,19/04/2024, 16164.22 ,"3,602.62 VLD",865.27,"20,632.11","VLD 13,283.40", 3673.67 ,"9,609.73 VLD",214.70%,"74,968.82","VLD 22,341.95",29.80,Bank closed 30/06/2024
Harbourline Bank Plc.,30.04.2024,2024-05-08 12:15:00,16/05/2024,"131,535.00", 29618.52 ,6633.73,"VLD 167,787.25","107,155.80 VLD","31,206.23", 75949.57 ,220.92,"VLD 611,267.84","180,243.60 VLD",29.49,
Crestmont Commercial Bank,2024-04-30,2024-05-10 14:05:00,16/05/2024,"99,995.64 VLD","23,846.75", 5125.06 ,128967.45,"VLD 84,945.00","24,117.92 VLD","60,827.08",212.02,468102.20,"VLD 141,638.00",30.26,
Lotus Union Bank,30-Apr-2024,2024-05-13 11:50:00,16/05/2024,"86,995.69", 18705.22 ,4265.61,"VLD 109,966.52","68,294.63 VLD","20,080.58", 48214.05 ,228.08%,"VLD 386,210.51","112,885.46 VLD",29.23%,
Northgate Savings Bank Ltd.,30-Apr-2024,2024-05-11 11:30:00,16/05/2024,"43,499.76 VLD","9,902.51", 2166.52 ,55568.79,"VLD 35,586.72","10,202.58 VLD","25,384.14",218.91%,194464.53,"VLD 58,339.51",30.00%,
MERIDIAN DEV. BANK,30-Apr-2024,2024-05-09 15:10:00,16/05/2024,"VLD 29,062.35","6,334.00 VLD","1,470.24", 36866.59 ,23336.78,"VLD 6,271.85","17,064.93 VLD",216.04%, 130837.64 ,40260.25,30.77%,
HARBOURLINE BANK PLC,2024-05-31,12/06/2024 11:35,19/06/2024,"132,778.96 VLD","VLD 31,527.90",6854.33, 171161.19 ,"109,288.70","29,235.39 VLD","VLD 80,053.31",213.81, 613808.24 ,"185,375.99",30.20%,
Crestmont Comm. Bank,31.05.2024,08/06/2024 13:25,13/06/2024,"VLD 100,846.34",22941.05, 5289.00 ,"129,076.39","86,505.53 VLD","VLD 22,587.44",63918.09,201.94,"469,587.26","136,988.17 VLD",29.17%,
Lotus Union Bank Ltd,31/05/2024,11/06/2024 10:10,19/06/2024,"87,885.08 VLD","VLD 19,931.36",4409.68, 112226.12 ,"69,713.92","18,855.60 VLD","VLD 50,858.32",220.66%, 388201.09 ,"116,239.50",29.94,
NORTHGATE SAVINGS,31/05/2024,09/06/2024 10:50,13/06/2024,"VLD 43,815.73",9516.76, 2232.52 ,"55,565.01","34,095.12 VLD","VLD 9,557.83",24537.29,226.45%,"194,887.35","59,858.07 VLD",30.71,
Meridian Development Bank,31/05/2024,13/06/2024 14:30,19/06/2024,29244.91, 6722.56 ,"1,369.06","37,336.53 VLD","VLD 23,724.02",6485.82, 17238.20 ,216.59%,"130,989.61 VLD","VLD 38,884.62",29.69,=see covering letter
Harbourline Bank PLC,30.06.2024,2024-07-10 10:55:00,16/07/2024,"VLD 136,108.23","30,860.79",7190.82,"174,159.84 VLD", 113235.22 ,"VLD 30,818.71","82,416.51",211.32,"626,302.57 VLD", 182348.48 ,29.12,=see covering letter
CRESTMONT COMMERCIAL BANK LTD,2024-06-30,2024-07-12 12:45:00,16/07/2024,101701.10,"24,384.66 VLD", 4935.72 ,"VLD 131,021.48","82,987.21",23402.32,"59,584.89 VLD",219.89,"VLD 471,075.46","140,786.34",29.89,
LOTUS UNION BANK,30-Jun-2024,2024-07-09 09:30:00,16/07/2024,"VLD 84,979.83","19,528.67",4192.46,"108,700.96 VLD", 72293.77 ,"VLD 19,884.16","52,409.61",207.41%,"396,496.78 VLD", 121554.93 ,30.66%,
Northgate Savings Bank,30-Jun-2024,2024-07-13 09:10:00,16/07/2024,44132.74,"10,105.81 VLD", 2083.95 ,"VLD 56,322.50","34,706.12",9886.76,"24,819.36 VLD",226.93%,"VLD 195,310.46","57,867.18",29.63%,=see covering letter
Meridian Development Bank (MDB),30-Jun-2024,2024-07-11 13:50:00,16/07/2024, 29902.59 ,"VLD 6,560.46","1,434.66",37897.71,"24,501.10 VLD", 6808.36 ,"VLD 17,692.74",214.20%,133257.35,"40,509.41 VLD",30.40%,
Harbourline Bank Plc.,2024-07-31,08/08/2024 09:15,13/08/2024,137476.80,32820.00,6726.84,177023.64,115437.49,31939.84,83497.65,212.01,628919.62,187601.65,29.83%,
Crestmont Commercial Bank,31.07.2024,10/08/2024 11:05,13/08/2024, 102765.50 , 23521.32 , 5110.19 , 131397.01 , 84718.65 , 24270.61 , 60448.04 ,217.37, 473514.05 , 144896.58 ,30.60%,
Lotus Union Bank,31/07/2024,13/08/2024 16:50,19/08/2024,84677.19,20500.22,4279.09,109456.50,72736.99,20328.98,52408.01,208.85%,393001.65,116215.88,29.57,
Northgate Savings Bank Ltd.,31/07/2024,11/08/2024 16:30,19/08/2024, 41951.00 , 9738.14 , 2154.33 , 53843.47 , 35390.28 , 10237.51 , 25152.77 ,214.07%, 196126.17 , 59509.43 ,30.34,
MERIDIAN DEV. BANK,31/07/2024,09/08/2024 12:10,13/08/2024,"29,670.73","6,859.65","1,457.74","37,988.12","23,129.53","6,271.33","16,858.20",225.34%,"131,558.04","38,564.27",29.31,
Harbourline Bank PLC,30.06.2024,2024-07-10 10:55:00,16/07/2024,"VLD 136,193.23","30,860.79",7190.82,"174,244.84 VLD", 113235.22 ,"VLD 30,818.71","82,416.51",211.42,"626,302.57 VLD", 182348.48 ,29.12,Resubmitted: Level 1 holdings corrected
HARBOURLINE BANK PLC,31.08.2024,2024-09-12 16:35:00,16/09/2024, 137662.46 ,"31,385.10 VLD",6898.13,"175,945.69","VLD 109,951.90", 32806.17 ,"77,145.73 VLD",228.07,"626,512.95","VLD 191,357.79",30.54,
Crestmont Comm. Bank,2024-08-31,2024-09-08 10:25:00,16/09/2024,"103,630.50","VLD 22,603.09", 5275.75 ,"131,509.34 VLD",86292.85,"22,721.89","VLD 63,570.96",206.87,"475,013.27 VLD",140197.25,29.51,
Lotus Union Bank Ltd,31-Aug-2024,2024-09-11 15:10:00,16/09/2024, 39125.13 ,"11,054.95 VLD",4496.88,"54,676.96","VLD 71,061.47", 19390.21 ,"51,671.26 VLD",105.82%,"401,409.31","VLD 121,568.67",30.29%,
NORTHGATE SAVINGS,31-Aug-2024,2024-09-09 15:50:00,16/09/2024,"42,265.24","VLD 9,348.49", 2220.82 ,"53,834.55 VLD",36007.39,"9,587.08","VLD 26,420.31",203.76%,"196,551.37 VLD",57504.13,29.26%,
Meridian Development Bank,31-Aug-2024,2024-09-13 11:30:00,16/09/2024,"28,570.48 VLD",6698.87,"1,525.10","VLD 36,794.45", 23898.47 ,"6,591.23 VLD",17307.24,212.60%,"VLD 133,838.75", 40188.59 ,30.03%,
Harbourline Bank PLC,2024-09-30,10/10/2024 15:55,13/10/2024,"138,949.46", 30200.83 ,7124.65,"VLD 176,274.94","112,138.65 VLD","30,789.63", 81349.02 ,216.69,"VLD 629,117.54","185,321.83 VLD",29.46%,
CRESTMONT COMMERCIAL BANK LTD,30.09.2024,12/10/2024 09:45,19/10/2024,"106,178.12 VLD","24,447.80", 5529.71 ,136155.63,"VLD 89,287.37","23,923.84 VLD","65,363.53",208.31,484169.64,"VLD 146,357.23",30.23%,
LOTUS UNION BANK,30/09/2024,09/10/2024 14:30,13/10/2024,"87,852.95", 19360.69 ,4647.03,"VLD 111,860.67","72,538.44 VLD","20,127.18", 52411.26 ,213.43%,"VLD 403,486.11","117,816.24 VLD",29.20,
Northgate Savings Bank,30/09/2024,13/10/2024 14:10,19/10/2024,"43,264.44 VLD","10,101.65", 2104.16 ,55470.25,"VLD 35,053.68","10,077.95 VLD","24,975.73",222.10%,200140.72,"VLD 59,983.49",29.97,
Meridian Development Bank (MDB),30/09/2024,11/10/2024 10:50,19/10/2024,"VLD 28,756.44","6,426.75 VLD","1,421.65", 36694.84 ,24295.10,"VLD 6,810.45","17,484.65 VLD",209.35%, 133996.82 ,41192.94,30.74,
Harbourline Bank Plc.,31.10.2024,2024-11-08 14:15:00,16/11/2024,"142,505.66 VLD","VLD 32,683.36",6765.37, 181954.39 ,"116,184.98","32,428.91 VLD","VLD 83,756.07",217.24, 641917.10 ,"193,676.28",30.17,
Crestmont Commercial Bank,2024-10-31,2024-11-10 16:05:00,16/11/2024,"VLD 106,008.67",23277.98, 5114.68 ,"134,401.33","84,813.85 VLD","VLD 24,521.37",60292.48,222.92,"480,905.76","140,148.53 VLD",29.14,=see covering letter
Lotus Union Bank,31-Oct-2024,2024-11-13 13:50:00,16/11/2024,"90,184.97 VLD","VLD 20,970.57",4421.96, 115577.50 ,"75,210.30","21,204.36 VLD","VLD 54,005.94",214.01%, 412046.63 ,"123,258.37",29.91%,=see covering letter
Northgate Savings Bank Ltd.,31-Oct-2024,2024-11-18 13:30:00,23/11/2024,"VLD 42,983.07",9570.12, 2141.75 ,"54,694.94","35,187.46 VLD","VLD 10,272.17",24915.29,219.52%,"197,799.62","60,694.36 VLD",30.68%,
MERIDIAN DEV. BANK,31-Oct-2024,2024-11-09 09:10:00,16/11/2024,29000.47, 6838.35 ,"1,468.44","37,307.26 VLD","VLD 24,741.82",7044.17, 17697.65 ,210.80%,"134,422.33 VLD","VLD 39,864.08",29.66%,
HARBOURLINE BANK PLC,2024-11-30,12/12/2024 13:35,19/12/2024,"VLD 141,832.86","31,035.07",6899.05,"179,766.98 VLD", 116795.28 ,"VLD 33,114.43","83,680.85",214.82,"635,633.74 VLD", 196319.66 ,30.89%,
Crestmont Comm. Bank,15/11/2024,08/12/2024 15:25,13/12/2024,105393.68,"24,408.54 VLD", 5208.52 ,"VLD 135,010.74","85,197.24",22626.32,"62,570.92 VLD",215.77,"VLD 475,664.46","142,017.87",29.86%,
Lotus Union Bank Ltd,30/11/2024,11/12/2024 12:10,19/12/2024,"VLD 88,972.55","19,736.68",4467.17,"113,176.40 VLD", 74927.91 ,"VLD 19,427.34","55,500.57",203.92%,"404,408.16 VLD", 123861.37 ,30.63,
NORTHGATE SAVINGS,30/11/2024,09/12/2024 12:50,13/12/2024,43301.17,"10,167.68 VLD", 2208.72 ,"VLD 55,677.57","35,808.51",9616.01,"26,192.50 VLD",212.57%,"VLD 198,227.18","58,673.04",29.60,
Meridian Development Bank,30/11/2024,13/12/2024 16:30,19/12/2024, 29187.52 ,"VLD 6,565.16","1,512.49",37265.17,"23,687.50 VLD", 6591.92 ,"VLD 17,095.58",217.98%,134580.69,"40,872.11 VLD",30.37,
Harbourline Bank PLC,31.12.2024,2025-01-10 12:55:00,16/01/2025,143146.68,33021.36,7128.41,183296.45,112141.55,31067.63,81073.92,226.09,638272.15,190203.65,29.80,
CRESTMONT COMMERCIAL BANK LTD,2024-12-31,2025-01-12 14:45:00,16/01/2025, 107996.73 , 23870.39 , 5462.44 , 137329.56 , 88189.37 , 23832.04 , 64357.33 ,213.39, 484926.30 , 148246.09 ,30.57,
LOTUS UNION BANK,31-Dec-2024,2025-01-09 11:30:00,16/01/2025,89892.46,21021.25,4618.00,115531.71,72041.19,20168.76,51872.43,222.72%,406490.46,120085.11,29.54%,
Northgate Savings Bank,31-Dec-2024,2025-01-13 11:10:00,16/01/2025, 44323.40 , 9932.02 , 2312.65 , 56568.07 , 37019.19 , 10110.60 , 26908.59 ,210.22%, 201857.01 , 61188.92 ,30.31%,
Meridian Development Bank (MDB),31-Dec-2024,2025-01-11 15:50:00,16/01/2025,"29,374.88","6,964.98","1,408.43","37,748.29","24,085.77","6,812.26","17,273.51",218.53%,"134,738.79","39,457.02",29.28%,
,,,,,,,,,,,,,,,
Harbourline Bank Plc.,2025-01-31,08/02/2025 11:15,13/02/2025, 146806.12 ,"32,333.76 VLD",7478.62,"186,618.50","VLD 116,219.35", 32728.92 ,"83,490.43 VLD",223.52,"651,290.06","VLD 198,733.93",30.51%,
Crestmont Commercial Bank,31.01.2025,10/02/2025 13:05,13/02/2025,"108,891.08","VLD 25,361.60", 5097.60 ,"139,350.28 VLD",89805.85,"24,675.02","VLD 65,130.83",213.95,"486,460.66 VLD",143432.76,29.48%,
Lotus Union Bank,31/01/2025,13/02/2025 10:50,11/02/2025, 92288.70 ,"20,603.63 VLD",4390.73,"117,283.06","VLD 74,725.08", 21255.69 ,"53,469.39 VLD",219.35%,"415,193.31","VLD 125,621.06",30.26,
Northgate Savings Bank Ltd.,31/01/2025,11/02/2025 10:30,19/02/2025,"44,206.55","VLD 10,437.72", 2137.35 ,"56,781.62 VLD",35119.10,"10,348.07","VLD 24,771.03",229.23%,"200,288.64 VLD",58538.60,29.23,
MERIDIAN DEV. BANK,31/01/2025,09/02/2025 14:10,13/02/2025,"30,036.09 VLD",6798.41,"1,475.77","VLD 38,310.27", 24877.08 ,"7,145.75 VLD",17731.33,216.06%,"VLD 137,057.50", 41114.78 ,30.00,
HARBOURLINE BANK PLC,28.02.2025,2025-03-12 10:35:00,16/03/2025,"148,161.79", 31101.94 ,6996.10,"VLD 186,259.83","118,502.48 VLD","33,897.45", 84605.03 ,220.15,"VLD 654,008.24","192,461.58 VLD",29.43,
Crestmont Comm. Bank,2025-02-28,2025-03-08 12:25:00,16/03/2025,"110,010.31 VLD","24,471.01", 5277.77 ,139759.09,"VLD 86,334.18","25,574.31 VLD","60,759.87",230.02,488979.13,"VLD 147,667.21",30.20,
Lotus Union Bank Ltd,28-Feb-2025,2025-03-11 09:10:00,16/03/2025,"91,938.65", 19561.11 ,4481.25,"VLD 115,981.01","75,194.51 VLD","19,659.13", 55535.38 ,208.84%,"VLD 411,515.28","120,039.66 VLD",29.17%,
NORTHGATE SAVINGS,28-Feb-2025,2025-03-09 09:50:00,16/03/2025,"44,619.68 VLD","10,061.00", 2209.53 ,56890.21,"VLD 35,818.75","9,703.02 VLD","26,115.73",217.84%,201125.23,"VLD 60,219.38",29.94%,
Meridian Development Bank,28-Feb-2025,2025-03-13 13:30:00,16/03/2025,"VLD 29,511.77","6,365.31 VLD","1,484.66", 37361.74 ,24685.09,"VLD 6,526.34","18,158.75 VLD",205.75%, 133970.52 ,41145.44,30.71%,=see covering letter
Harbourline Bank PLC,2025-03-31,10/04/2025 09:55,13/04/2025,"141,138.21 VLD","VLD 33,209.06",7246.26, 181593.53 ,"121,043.57","31,854.88 VLD","VLD 89,188.69",203.61, 658047.55 ,"198,349.49",30.14%,=see covering letter
CRESTMONT COMMERCIAL BANK LTD,31.03.2025,12/04/2025 11:45,19/04/2025,"VLD 110,915.32",23523.25, 5448.72 ,"139,887.29","87,955.70 VLD","VLD 23,976.51",63979.19,218.64,"490,524.83","142,807.46 VLD",29.11%,
LOTUS UNION BANK,31/03/2025,09/04/2025 16:30,13/04/2025,"94,386.75 VLD","VLD 21,203.62",4709.49, 120299.86 ,"73,422.22","20,743.73 VLD","VLD 52,678.49",228.37%, 420335.59 ,"125,614.24",29.88,
Northgate Savings Bank,31/03/2025,13/04/2025 16:10,19/04/2025,"VLD 44,945.17","9.661,53", 2277.69 ,"56,884.39","36,450.38 VLD","VLD 10,042.04",26408.34,215.40%,"201,560.24","61,789.00 VLD",30.66,=see covering letter
Meridian Development Bank (MDB),31/03/2025,11/04/2025 12:50,19/04/2025,30179.42, 6872.57 ,"1,553.32","38,605.31 VLD","VLD 24,016.74",6854.81, 17161.93 ,224.95%,"136,298.43 VLD","VLD 40,380.36",29.63,
Harbourline Bank Plc.,30.04.2025,2025-05-08 16:15:00,16/05/2025,"VLD 142,477.52","31,966.61",7484.29,"181,928.42 VLD", 116228.56 ,"VLD 33,030.38","83,198.18",218.67,"660,791.97 VLD", 203895.54 ,30.86,
Crestmont Commercial Bank,2025-04-30,2025-05-10 10:05:00,16/05/2025,107025.75,"25,432.70 VLD", 5711.21 ,"VLD 138,169.66","91,029.29",25228.56,"65,800.73 VLD",209.98,"VLD 499,999.68","149,136.47",29.83,
Lotus Union Bank,30-Apr-2025,2025-05-13 15:50:00,16/05/2025,"VLD 95,354.60","20,430.24",4866.71,"120,651.55 VLD", 74963.34 ,"VLD 21,517.61","53,445.73",225.75%,"422,508.20 VLD", 129280.71 ,30.60%,
Northgate Savings Bank Ltd.,30-Apr-2025,2025-05-11 15:30:00,16/05/2025,46000.90,"10,435.66 VLD", 2158.15 ,"VLD 58,594.71","37,681.77",10549.68,"27,132.09 VLD",215.96%,"VLD 205,249.07","60,691.06",29.57%,
MERIDIAN DEV. BANK,30-Apr-2025,2025-05-09 11:10:00,16/05/2025, 30369.93 ,"VLD 6,595.48","1,447.96",38413.37,"24,420.15 VLD", 7078.18 ,"VLD 17,341.97",221.51%,136458.72,"41,402.32 VLD",30.34%,
HARBOURLINE BANK PLC,2025-05-31,12/06/2025 15:35,19/06/2025,143825.06,34030.85,6994.25,184850.16,118537.22,34215.01,84322.21,219.22,663545.64,197539.88,29.77%,
Crestmont Comm. Bank,31.05.2025,08/06/2025 09:25,13/06/2025, 107936.29 , 24465.42 , 5335.38 , 137737.09 , 92698.12 , 26100.32 , 66597.80 ,206.82, 501591.45 , 153193.20 ,30.54%,
Lotus Union Bank Ltd,31/05/2025,11/06/2025 14:10,19/06/2025,90723.69,21771.69,4558.25,117053.63,76518.17,20175.41,56342.76,207.75%,424690.63,125336.85,29.51,
NORTHGATE SAVINGS,31/05/2025,09/06/2025 14:50,13/06/2025, 45691.26 , 9889.24 , 2196.60 , 57777.10 , 35606.38 , 9731.68 , 25874.70 ,223.30%, 202839.37 , 61427.03 ,30.28,
Meridian Development Bank,31/05/2025,13/06/2025 10:30,19/06/2025,"30,132.70","6,902.74","1,471.72","38,507.16","24,476.69","6,526.25","17,950.44",214.52%,"134,705.19","39,407.55",29.25,
Harbourline Bank PLC,30.06.2025,2025-07-10 14:55:00,16/07/2025, 145471.91 ,"32,845.78 VLD",7247.42,"185,565.11","VLD 121,104.98", 32141.58 ,"88,963.40 VLD",208.59,"667,644.25","VLD 203,527.81",30.48,
CRESTMONT COMMERCIAL BANK LTD,2025-06-30,2025-07-12 16:45:00,16/07/2025,"107,335.91","VLD 25,645.54", 5433.89 ,"138,415.34 VLD",87703.80,"24,120.84","VLD 63,582.96",217.69,"496,181.94 VLD",146153.10,29.46,
LOTUS UNION BANK,30-Jun-2025,2025-07-09 13:30:00,16/07/2025, 91860.74 ,"21,034.05 VLD",4725.48,"117,620.27","VLD 78,243.33", 20995.12 ,"57,248.21 VLD",205.46%,"427,738.64","VLD 129,290.94",30.23%,
Northgate Savings Bank,30-Jun-2025,2025-07-13 13:10:00,16/07/2025,"46,020.72","VLD 10,502.14", 2265.27 ,"58,788.13 VLD",36242.04,"10,073.40","VLD 26,168.64",224.65%,"203,276.79 VLD",59352.15,29.20%,
Meridian Development Bank (MDB),30-Jun-2025,2025-07-11 09:50:00,16/07/2025,"30,813.52 VLD",6736.61,"1,540.47","VLD 39,090.60", 25280.05 ,"6,856.23 VLD",18423.82,212.17%,"VLD 137,052.68", 41073.01 ,29.97%,
Harbourline Bank Plc.,2025-07-31,08/08/2025 13:15,13/08/2025,"146,839.31", 34933.60 ,7488.44,"VLD 189,261.35","123,452.50 VLD","33,333.26", 90119.24 ,210.01,"VLD 670,424.45","197,095.30 VLD",29.40%,
Crestmont Commercial Bank,31.07.2025,10/08/2025 15:05,13/08/2025,"109,989.16 VLD","25,085.17", 5698.18 ,140772.51,"VLD 90,792.85","25,386.03 VLD","65,406.82",215.23,505790.94,"VLD 152,595.42",30.17%,=see covering letter
Lotus Union Bank,31/07/2025,13/08/2025 12:50,19/08/2025,"92,823.39", 22393.85 ,4885.09,"VLD 120,102.33","75,185.89 VLD","21,781.91", 53403.98 ,224.89%,"VLD 429,946.79","125,289.67 VLD",29.14,=see covering letter
Northgate Savings Bank Ltd.,31/07/2025,11/08/2025 12:30,19/08/2025,"44,367.94 VLD","10,262.26", 2371.94 ,57002.14,"VLD 37,476.26","10,584.90 VLD","26,891.36",211.97%,207007.22,"VLD 61,919.62",29.91,
MERIDIAN DEV. BANK,31/07/2025,09/08/2025 16:10,13/08/2025,"VLD 31,005.44","7,143.81 VLD","1,434.49", 39583.74 ,24204.96,"VLD 7,080.75","17,124.21 VLD",231.16%, 137213.00 ,42100.92,30.68,
HARBOURLINE BANK PLC,31.08.2025,2025-09-12 12:35:00,16/09/2025,"149,107.90 VLD","VLD 33,874.89",7777.89, 190760.68 ,"119,260.44","34,742.23 VLD","VLD 84,518.21",225.70, 677269.30 ,"203,944.08",30.11,
Crestmont Comm. Bank,2025-08-31,2025-09-08 14:25:00,16/09/2025,"VLD 110,915.05",24104.50, 5317.72 ,"140,337.27","92,476.33 VLD","VLD 26,267.29",66209.04,211.96,"507,397.99","156,703.67 VLD",30.88,
Lotus Union Bank Ltd,31-Aug-2025,2025-09-11 11:10:00,16/09/2025,"95,299.87 VLD","VLD 21,953.29",4644.24, 121897.40 ,"77,995.00","22,938.83 VLD","VLD 55,056.17",221.41%, 439106.95 ,"131,094.74",29.85%,
NORTHGATE SAVINGS,31-Aug-2025,2025-09-09 11:50:00,16/09/2025,"VLD 44,700.31",10888.36, 2214.15 ,"57,802.82","38,128.30 VLD","VLD 9,898.01",28230.29,204.75%,"207,458.32","63,536.04 VLD",30.63%,
Meridian Development Bank,31-Aug-2025,2025-09-13 15:30:00,16/09/2025,29856.35, 6975.33 ,"1,503.12","38,334.80 VLD","VLD 25,006.21",6725.22, 18280.99 ,209.70%,"139,579.70 VLD","VLD 41,311.42",29.60%,
Harbourline Bank PLC,2025-09-30,10/10/2025 11:55,13/10/2025,"VLD 150,502.06","32,594.81",7276.09,"190,372.96 VLD", 121627.37 ,"VLD 32,559.68","89,067.69",213.74,"680,092.50 VLD", 209650.87 ,30.83%,
CRESTMONT COMMERCIAL BANK LTD,30.09.2025,12/10/2025 13:45,19/10/2025,110952.56,"25,457.46 VLD", 5450.81 ,"VLD 141,860.83","93,417.59",24412.34,"69,005.25 VLD",205.58,"VLD 504,945.41","150,463.10",29.80%,
LOTUS UNION BANK,30/09/2025,09/10/2025 10:30,13/10/2025,"VLD 94,960.92","20,851.67",4740.51,"120,553.10 VLD", 78509.60 ,"VLD 21,248.68","57,260.92",210.53%,"435,266.82 VLD", 133056.59 ,30.57,
Northgate Savings Bank,30/09/2025,13/10/2025 10:10,19/10/2025,45123.62,"10,498.46 VLD", 2288.91 ,"VLD 57,910.99","36,610.35",10268.05,"26,342.30 VLD",219.84%,"VLD 208,324.59","61,539.18",29.54,
Meridian Development Bank (MDB),30/09/2025,11/10/2025 14:50,19/10/2025, 29634.25 ,"VLD 6,598.86","1,527.40",37760.51,"25,067.95 VLD", 6857.38 ,"VLD 18,210.57",207.35%,137809.47,"41,771.60 VLD",30.31,
